{
  "project_info": {
    "project_number": "82531317260",
    "firebase_url": "https://expense-tracker-f77da.firebaseio.com",
    "project_id": "expense-tracker-f77da",
    "storage_bucket": "expense-tracker-f77da.appspot.com"
  },
  "client": [
    {
      "client_info": {
        "mobilesdk_app_id": "1:82531317260:android:d4fc70d884ebd8e7",
        "android_client_info": {
          "package_name": "com.kfugosic.expensetracker"
        }
      },
      "oauth_client": [
        {
          "client_id": "82531317260-obp55pcnm6em1fj3v9jb3dg6mmrrtlvt.apps.googleusercontent.com",
          "client_type": 1,
          "android_info": {
            "package_name": "com.kfugosic.expensetracker",
            "certificate_hash": "497eea8700eda7b68ffc11880b338399faffa7f3"
          }
        },
        {
          "client_id": "82531317260-fo3h9krv50ldi12h96a3tb0dbgai3l65.apps.googleusercontent.com",
          "client_type": 3
        }
      ],
      "api_key": [
        {
          "current_key": "AIzaSyDWwddlGXTF63jNJEzjuk4X_0hBT7FZnqs"
        }
      ],
      "services": {
        "analytics_service": {
          "status": 1
        },
        "appinvite_service": {
          "status": 2,
          "other_platform_oauth_client": [
            {
              "client_id": "82531317260-fo3h9krv50ldi12h96a3tb0dbgai3l65.apps.googleusercontent.com",
              "client_type": 3
            }
          ]
        },
        "ads_service": {
          "status": 2
        }
      }
    }
  ],
  "configuration_version": "1"
}